null_state_start,1673607097.2527864,null_state
null_state_end,1673607160.429037,null_state
null_to_warm_disk_process_start,1673607160.4575849,null_to_warm_disk_process
null_to_warm_disk_process_end,1673607443.7729952,null_to_warm_disk_process
warm_disk_state_start,1673607527.251181,warm_disk_state
warm_disk_state_end,1673607590.2108974,warm_disk_state
warm_disk_to_warm_CPU_process_start,1673607591.6214414,warm_disk_to_warm_CPU_process
warm_disk_to_warm_CPU_process_end,1673607613.9840171,warm_disk_to_warm_CPU_process
warm_CPU_state_start,1673607613.9840207,warm_CPU_state
warm_CPU_state_end,1673607680.2041364,warm_CPU_state
active_state_start,1673607710.2629054,active_state
active_state_end,1673607776.4697993,active_state
warm_CPU_to_warm_disk_process_start,1673607852.5179863,warm_CPU_to_warm_disk_process
warm_CPU_to_warm_disk_process_end,1673607883.9037833,warm_CPU_to_warm_disk_process
cold_state_start,1673607897.2125711,cold_state
cold_state_end,1673607960.408726,cold_state
cold_to_warm_disk_start,1673607961.8603032,cold_to_warm_disk
cold_to_warm_disk_end,1673608258.5998282,cold_to_warm_disk
warm_disk_to_null_start,1673608258.599832,warm_disk_to_null
warm_disk_to_null_end,1673608315.41159,warm_disk_to_null
