null_state_start,1674957807.3568883,null_state
null_state_end,1674957871.2928815,null_state
null_to_cold_process_start,1674957871.3212626,null_to_cold_process
null_to_cold_process_end,1674957874.105365,null_to_cold_process
cold_to_null_process_start,1674957879.1073208,cold_to_null_process
cold_to_null_process_end,1674957879.9578474,cold_to_null_process
warm_disk_state_start,1674958303.1175494,warm_disk_state
warm_disk_state_end,1674958367.0344448,warm_disk_state
warm_disk_to_warm_CPU_process_start,1674958367.057217,warm_disk_to_warm_CPU_process
warm_disk_to_warm_CPU_process_end,1674958390.7784574,warm_disk_to_warm_CPU_process
warm_CPU_state_start,1674958390.7784605,warm_CPU_state
warm_CPU_state_end,1674958457.7423666,warm_CPU_state
active_state_start,1674958487.809387,active_state
active_state_end,1674958557.567499,active_state
warm_CPU_to_warm_disk_process_start,1674958690.5350316,warm_CPU_to_warm_disk_process
warm_CPU_to_warm_disk_process_end,1674958722.8585308,warm_CPU_to_warm_disk_process
active_to_warm_disk_process_start,1674958742.909365,active_to_warm_disk_process
active_to_warm_disk_process_end,1674958743.2841415,active_to_warm_disk_process
warm_disk_to_cold_start,1674958743.3025763,warm_disk_to_cold
warm_disk_to_cold_end,1674958745.4003253,warm_disk_to_cold
cold_state_start,1674958755.4067254,cold_state
cold_state_end,1674958819.514787,cold_state
cold_to_warm_disk_start,1674958819.5375624,cold_to_warm_disk
cold_to_warm_disk_end,1674959121.8869236,cold_to_warm_disk
