null_state_start,1691347200.7585368,null_state
null_state_end,1691347268.014067,null_state
null_to_cold_process_start,1691347268.0426548,null_to_cold_process
null_to_cold_process_end,1691347271.448225,null_to_cold_process
cold_state_start,1691347286.4537303,cold_state
cold_state_end,1691347355.3740058,cold_state
cold_to_null_process_start,1691347355.3740091,cold_to_null_process
cold_to_null_process_end,1691347362.4398508,cold_to_null_process
warm_disk_state_start,1691347474.7052982,warm_disk_state
warm_disk_state_end,1691347538.1851678,warm_disk_state
warm_disk_to_warm_CPU_process_start,1691347538.2212448,warm_disk_to_warm_CPU_process
warm_disk_to_warm_CPU_process_end,1691347549.7511926,warm_disk_to_warm_CPU_process
warm_CPU_state_start,1691347569.7690737,warm_CPU_state
warm_CPU_state_end,1691347642.8786507,warm_CPU_state
active_state_start,1691347674.1650562,active_state
active_state_end,1691347742.7604895,active_state
warm_CPU_to_warm_disk_process_start,1691348050.3309212,warm_CPU_to_warm_disk_process
warm_CPU_to_warm_disk_process_end,1691348081.3400037,warm_CPU_to_warm_disk_process
active_to_warm_disk_process_start,1691348106.249063,active_to_warm_disk_process
active_to_warm_disk_process_end,1691348144.4118104,active_to_warm_disk_process
