null_state_start,1687441068.1035764,null_state
null_state_end,1687441134.6927779,null_state
null_to_cold_process_start,1687441134.7127008,null_to_cold_process
null_to_cold_process_end,1687441137.0501745,null_to_cold_process
cold_to_null_process_start,1687441142.0530622,cold_to_null_process
cold_to_null_process_end,1687441142.8439617,cold_to_null_process
warm_disk_state_start,1687441215.225161,warm_disk_state
warm_disk_state_end,1687441280.9387324,warm_disk_state
warm_disk_to_warm_CPU_process_start,1687441280.9738564,warm_disk_to_warm_CPU_process
warm_disk_to_warm_CPU_process_end,1687441290.2913253,warm_disk_to_warm_CPU_process
warm_CPU_state_start,1687441290.291327,warm_CPU_state
warm_CPU_state_end,1687441357.0447752,warm_CPU_state
active_state_start,1687441601.0916197,active_state
active_state_end,1687441671.589435,active_state
warm_CPU_to_warm_disk_process_start,1687441873.3280406,warm_CPU_to_warm_disk_process
warm_CPU_to_warm_disk_process_end,1687441904.1082492,warm_CPU_to_warm_disk_process
active_to_warm_disk_process_start,1687441930.2745855,active_to_warm_disk_process
active_to_warm_disk_process_end,1687441961.7883267,active_to_warm_disk_process
cold_state_start,1687441971.806584,cold_state
cold_state_end,1687442035.4847806,cold_state
